fecha,0-9,10-19,20-29,30-39,40-49,50-59,60-69,70-79,80-89,90+
2020-04-12,,,,,,,,,,
2020-04-13,,,,,,,,,,
2020-04-14,,,,,,,,,,
2020-04-15,,,,,,,,,,
2020-04-16,,,,,,,,,,
2020-04-17,,,,,,,,,,
2020-04-18,,,,,,,,,,
2020-04-19,,,,,,,,,,
2020-04-20,,,,,,,,,,
2020-04-21,,,,,,,,,,
2020-04-22,,,,,,,,,,
2020-04-23,,,,,,,,,,
2020-04-24,,,,,,,,,,
2020-04-25,3.4,4.44,33.7,41.46,40.97,52.5,48.22,59.45,149.01,372.07
2020-04-26,3.4,4.44,34.67,41.94,42.27,53.28,49.05,60.14,150.28,379.82
2020-04-27,3.4,4.63,37.38,43.85,44.27,56.16,49.22,56.0,160.05,426.33
2020-04-28,3.4,4.81,37.96,46.72,46.27,61.53,52.23,53.94,148.58,416.64
2020-04-29,3.17,5.37,38.93,48.64,52.16,63.5,52.9,48.89,131.18,350.75
2020-04-30,3.17,5.0,38.74,47.68,52.16,61.92,51.56,42.23,114.2,313.94
2020-05-01,3.4,5.37,42.03,48.8,53.81,64.54,50.73,40.86,110.38,296.49
2020-05-02,4.53,5.37,43.77,50.71,55.57,64.94,51.23,40.17,106.98,279.05
2020-05-03,4.76,5.37,43.39,50.87,55.69,64.81,52.07,42.69,120.14,312.0
2020-05-04,4.53,5.0,43.39,51.03,55.45,65.07,52.4,42.69,117.17,296.49
2020-05-05,5.21,5.0,44.74,51.03,54.51,67.03,54.24,41.08,112.92,284.87
2020-05-06,5.67,5.92,47.65,53.42,57.57,68.73,57.26,40.4,111.65,267.43
2020-05-07,5.44,7.22,47.46,55.65,57.46,69.26,59.93,39.94,108.25,261.61
2020-05-08,5.67,7.78,46.29,54.38,57.22,67.16,59.93,40.86,101.89,248.05
2020-05-09,5.89,7.22,44.36,53.58,54.04,65.85,59.6,39.48,95.52,232.54
2020-05-10,6.12,7.22,43.97,54.85,54.04,66.25,59.26,39.25,94.67,224.79
2020-05-11,6.34,7.04,40.87,52.62,50.86,61.01,55.92,36.26,81.93,166.66
2020-05-12,6.57,7.04,42.61,50.55,50.75,57.74,53.24,36.04,80.66,160.84
2020-05-13,6.8,6.48,39.71,46.08,46.04,53.94,50.06,35.12,82.78,158.91
2020-05-14,6.8,7.41,42.42,49.27,48.39,56.3,50.06,36.49,84.91,158.91
2020-05-15,6.8,7.22,37.77,48.48,44.51,50.4,48.05,33.74,75.14,147.28
2020-05-16,6.57,8.52,35.25,47.84,43.92,50.01,47.04,35.35,72.59,141.46
2020-05-17,6.34,8.33,34.28,46.4,43.45,49.88,45.03,33.05,55.61,98.83
2020-05-18,6.57,8.33,34.67,47.36,44.03,50.14,45.7,33.51,56.04,98.83
2020-05-19,6.12,8.52,31.18,47.04,41.8,46.61,44.53,33.28,52.64,102.71
2020-05-20,5.67,7.22,29.05,44.97,40.27,42.81,41.18,32.13,45.42,79.45
2020-05-21,5.89,7.04,28.09,42.74,40.03,41.11,39.01,34.66,47.12,79.45
2020-05-22,5.89,6.67,29.83,40.66,38.15,39.01,36.5,32.82,44.15,75.58
2020-05-23,5.67,7.96,29.25,40.34,36.85,37.57,34.15,33.97,44.15,73.64
2020-05-24,5.67,8.15,29.05,39.23,36.03,37.05,34.32,34.43,45.0,75.58
2020-05-25,5.67,7.96,29.25,38.43,35.09,36.0,32.98,34.2,42.45,67.83
2020-05-26,5.44,8.7,29.05,40.5,34.97,35.48,35.32,36.04,46.7,67.83
2020-05-27,4.99,9.81,28.47,43.05,37.68,37.44,38.67,38.56,45.42,56.2
2020-05-28,6.12,9.26,24.79,38.91,35.32,33.38,37.0,38.33,41.18,50.38
2020-05-29,6.34,10.92,23.82,35.56,35.56,33.78,37.5,37.41,38.63,44.57
2020-05-30,6.34,10.0,22.66,33.65,33.2,31.68,36.33,37.64,36.93,44.57
2020-05-31,6.57,10.74,22.66,33.01,32.5,30.77,35.99,36.04,35.66,44.57
2020-06-01,6.34,11.48,23.63,33.17,32.73,30.77,35.66,35.35,34.81,42.63
2020-06-02,7.02,13.33,24.6,33.97,33.2,31.94,36.5,35.81,35.66,36.82
2020-06-03,7.7,14.26,24.79,33.33,31.91,31.03,36.66,35.12,36.51,34.88
2020-06-04,8.38,14.07,25.96,34.12,31.44,30.24,35.66,32.59,31.42,25.19
2020-06-05,8.84,14.26,23.05,34.44,32.26,30.9,35.16,34.2,33.11,19.38
2020-06-06,9.29,13.52,22.66,31.89,31.44,30.11,33.65,33.05,29.29,15.5
2020-06-07,9.52,13.33,23.44,32.05,31.79,29.98,33.32,32.82,29.72,15.5
2020-06-08,9.29,14.26,24.02,32.37,34.85,32.6,34.99,33.05,31.42,29.07
2020-06-09,9.29,13.7,22.86,29.5,33.91,32.47,33.99,32.82,25.9,25.19
2020-06-10,9.97,13.7,23.24,28.07,30.73,28.93,31.47,30.76,22.08,29.07
2020-06-11,9.52,13.33,23.44,27.75,29.67,29.33,30.8,31.9,27.59,32.94
2020-06-12,8.61,12.03,22.66,26.79,29.43,29.85,30.8,34.43,30.14,29.07
2020-06-13,8.61,12.4,23.24,27.59,30.73,30.24,30.8,32.82,30.57,25.19
2020-06-14,8.61,11.66,23.05,27.91,30.61,30.24,30.97,32.82,30.57,23.25
2020-06-15,8.38,11.11,23.05,26.95,30.14,28.93,30.47,32.82,30.99,23.25
2020-06-16,7.02,9.07,22.08,24.72,29.2,27.23,27.96,30.99,28.87,21.32
2020-06-17,6.8,8.7,20.92,22.96,28.14,27.75,27.46,30.99,27.59,25.19
2020-06-18,5.89,8.33,20.34,22.17,27.32,27.36,27.29,30.99,24.2,21.32
2020-06-19,4.99,8.89,20.73,22.32,26.14,26.31,26.28,29.61,20.8,19.38
2020-06-20,4.76,8.89,19.37,23.28,27.32,25.79,26.95,29.15,23.35,23.25
2020-06-21,4.31,9.26,18.59,22.64,26.73,25.66,26.79,28.69,22.5,23.25
2020-06-22,4.08,8.52,18.21,22.8,24.61,24.48,25.45,28.0,22.08,15.5
2020-06-23,4.53,8.52,17.63,22.48,24.25,23.83,22.94,25.71,22.92,15.5
2020-06-24,3.4,8.15,16.46,21.69,22.96,24.22,21.6,25.02,23.77,15.5
2020-06-25,2.49,8.33,15.11,20.09,22.13,22.91,19.59,22.49,17.41,9.69
2020-06-26,3.17,8.15,15.5,19.61,22.13,21.99,18.42,22.49,14.86,11.63
2020-06-27,2.72,7.96,14.91,18.5,20.37,20.82,17.08,21.58,14.01,15.5
2020-06-28,2.49,8.15,15.3,18.66,20.02,20.69,17.08,22.72,15.28,15.5
2020-06-29,2.72,7.78,14.33,17.7,19.54,21.73,17.91,23.41,16.13,17.44
2020-06-30,5.21,8.15,15.88,19.77,20.37,22.65,18.92,24.56,15.28,17.44
2020-07-01,5.21,8.52,16.08,21.37,20.13,22.52,18.08,24.56,15.71,15.5
2020-07-02,5.44,9.07,15.69,20.89,20.37,22.78,18.42,23.64,19.53,25.19
2020-07-03,6.12,9.26,15.11,19.29,20.25,23.7,19.59,22.26,22.5,29.07
2020-07-04,5.67,8.89,14.72,17.38,18.37,22.26,18.08,19.97,21.23,25.19
2020-07-05,5.67,8.7,14.91,17.38,18.72,22.52,18.25,19.97,21.23,23.25
2020-07-06,6.12,9.26,15.3,16.9,19.19,22.13,18.42,20.2,22.08,27.13
2020-07-07,5.67,9.63,16.08,18.18,18.72,22.26,18.08,21.35,21.65,25.19
2020-07-08,6.57,9.26,16.27,16.9,19.54,21.6,18.75,19.74,21.65,31.01
2020-07-09,7.02,9.07,17.82,17.7,19.54,22.52,18.42,19.97,20.8,34.88
2020-07-10,6.8,8.7,18.59,18.34,17.9,21.6,17.58,17.44,21.23,36.82
2020-07-11,6.57,8.15,18.01,17.54,18.13,20.69,17.75,16.76,20.38,34.88
2020-07-12,6.57,7.78,18.21,17.06,18.84,20.69,17.91,15.84,19.53,36.82
2020-07-13,6.8,8.33,19.37,17.22,19.9,20.16,17.58,14.69,19.53,38.76
2020-07-14,4.76,8.15,19.56,15.15,18.84,19.64,16.07,14.23,19.95,38.76
2020-07-15,4.99,7.78,19.95,14.35,19.19,19.11,15.74,14.0,18.68,40.7
2020-07-16,6.12,7.22,20.53,13.71,18.25,18.2,14.06,14.23,17.41,34.88
2020-07-17,6.57,6.67,22.27,14.67,17.31,17.28,13.06,14.46,14.43,32.94
2020-07-18,8.61,9.63,34.86,19.45,20.96,19.9,15.23,18.59,18.25,34.88
2020-07-19,8.61,9.44,34.28,19.29,20.37,19.25,14.9,18.36,17.41,34.88
2020-07-20,8.16,8.7,32.93,18.5,18.84,17.94,14.23,17.67,15.28,31.01
2020-07-21,9.06,10.55,37.0,17.86,18.96,18.07,14.73,17.21,15.71,32.94
2020-07-22,8.61,11.85,41.84,19.45,18.37,18.72,14.23,17.67,14.01,27.13
2020-07-23,9.06,15.18,44.55,21.05,18.48,18.59,15.57,19.05,15.71,23.25
2020-07-24,9.52,18.7,49.78,21.05,20.02,19.51,15.23,20.2,17.41,23.25
2020-07-25,10.88,20.74,53.07,23.92,20.49,20.16,15.74,20.89,18.25,23.25
2020-07-26,12.24,22.77,56.36,26.79,20.96,20.82,16.24,21.58,19.1,23.25
2020-07-27,14.5,26.66,62.95,32.05,21.78,22.13,17.08,22.95,20.8,29.07
2020-07-28,16.54,28.33,67.41,34.6,23.31,22.52,18.58,23.18,20.8,32.94
2020-07-29,16.77,30.36,71.67,36.68,24.61,22.52,20.26,24.1,21.23,34.88
2020-07-30,18.58,35.18,81.93,42.42,28.85,25.4,22.43,24.33,20.38,31.01
2020-07-31,19.49,36.66,84.64,43.85,30.49,25.79,22.94,25.94,21.65,31.01
2020-08-01,19.26,36.47,78.06,43.21,28.49,24.35,21.93,22.72,18.68,29.07
2020-08-02,21.07,39.44,84.64,47.52,30.73,26.18,23.44,23.87,20.38,29.07
2020-08-03,24.93,45.55,98.2,56.13,35.44,30.11,26.79,26.17,24.62,31.01
2020-08-04,26.06,46.29,97.43,60.6,37.44,30.24,28.8,26.4,25.9,32.94
2020-08-05,27.65,50.17,104.79,69.05,42.27,34.3,32.14,27.77,27.59,40.7
2020-08-06,28.78,48.88,109.24,70.32,44.51,35.09,32.81,26.17,28.87,34.88
2020-08-07,36.03,56.1,121.25,82.28,49.8,37.97,32.81,26.85,24.62,31.01
2020-08-08,36.94,56.84,124.16,83.88,51.1,39.54,33.82,28.0,26.75,34.88
2020-08-09,37.84,57.58,127.06,85.47,52.39,41.11,34.82,29.15,28.87,38.76
2020-08-10,39.66,59.43,133.26,88.66,54.98,44.12,36.66,31.67,33.11,44.57
2020-08-11,41.47,62.39,135.2,94.24,53.92,46.21,36.83,32.36,34.39,48.45
2020-08-12,44.19,64.8,143.53,103.49,60.16,51.58,39.68,33.05,37.78,48.45
2020-08-13,49.17,65.91,145.08,107.32,61.58,51.58,40.51,35.12,41.18,56.2
2020-08-14,55.29,72.95,162.32,122.31,70.41,56.82,44.2,38.1,45.42,58.14
2020-08-15,56.42,73.32,162.51,124.86,71.35,57.87,44.7,38.79,46.27,58.14
2020-08-16,57.56,73.69,162.7,127.41,72.29,58.91,45.2,39.48,47.12,58.14
2020-08-17,59.6,74.8,163.28,132.67,74.29,61.01,46.21,41.54,47.97,56.2
2020-08-18,63.22,78.5,172.97,137.46,79.94,66.64,49.89,43.61,50.09,67.83
2020-08-19,66.17,78.13,173.55,136.18,80.18,65.85,49.22,44.99,50.52,73.64
2020-08-20,72.29,86.09,184.01,146.86,84.77,70.7,53.41,47.51,55.19,89.14
2020-08-21,68.89,79.8,179.36,142.24,82.65,70.17,55.58,47.74,60.28,94.96
2020-08-22,75.68,86.83,202.6,157.07,91.72,77.24,61.44,51.64,65.8,102.71
2020-08-23,75.68,86.09,201.25,157.39,91.72,76.72,61.27,50.72,63.68,98.83
2020-08-24,75.91,84.24,198.15,158.35,91.6,75.54,60.94,48.66,58.58,89.14
2020-08-25,85.88,93.31,225.27,170.62,103.85,82.35,68.97,51.18,67.92,96.89
2020-08-26,94.95,103.68,245.99,182.26,112.79,89.16,74.33,55.77,75.57,112.4
2020-08-27,91.09,104.42,253.16,185.77,114.09,92.69,75.67,56.23,70.47,116.27
2020-08-28,89.96,102.39,250.83,179.71,111.14,93.08,74.83,54.4,71.75,118.21
2020-08-29,101.29,113.87,284.34,197.41,124.68,105.65,81.7,60.82,81.93,133.71
2020-08-30,101.52,115.72,289.38,197.57,126.45,107.75,82.87,62.66,83.63,139.53
2020-08-31,101.97,119.05,299.06,197.73,129.63,111.81,85.05,65.87,87.88,153.09
2020-09-01,111.26,128.12,322.11,213.2,137.28,121.62,91.58,69.32,96.37,160.84
2020-09-02,111.49,132.75,329.28,216.55,140.23,125.03,94.76,70.23,101.04,158.91
2020-09-03,111.71,137.01,332.19,215.91,141.99,126.21,96.6,70.46,102.74,162.78
2020-09-04,113.07,141.64,333.15,218.14,144.46,129.09,98.1,73.68,108.68,180.22
2020-09-05,116.02,150.52,334.9,222.29,149.41,134.85,101.29,80.56,120.99,215.1
2020-09-06,117.61,152.19,335.09,221.97,149.65,136.03,102.79,81.71,120.99,215.1
2020-09-07,120.78,155.71,335.67,221.33,150.12,138.51,105.97,84.01,120.99,213.17
2020-09-08,119.19,156.08,316.69,217.51,150.47,141.13,106.14,86.76,120.57,213.17
2020-09-09,117.61,156.26,306.04,213.52,148.7,141.13,106.81,86.53,121.41,215.1
2020-09-10,122.36,164.22,310.1,216.55,153.88,144.4,109.66,90.2,128.63,207.35
2020-09-11,125.76,166.63,304.68,217.82,153.77,146.5,111.16,92.5,128.21,207.35
2020-09-12,132.56,171.08,293.45,220.06,153.65,150.69,114.18,96.63,128.21,205.41
2020-09-13,132.79,168.3,285.89,216.55,151.29,148.33,112.67,94.1,125.66,203.48
2020-09-14,133.69,162.74,270.98,209.69,146.58,143.62,109.49,88.83,120.57,199.6
2020-09-15,130.75,167.0,263.23,206.98,148.82,145.84,107.31,91.12,122.26,187.97
2020-09-16,136.64,170.15,260.32,209.53,149.53,147.94,109.32,91.81,123.54,189.91
2020-09-17,140.95,168.48,259.94,214.48,154.12,152.0,111.16,96.63,122.69,189.91
2020-09-18,143.44,166.45,254.71,212.24,153.41,151.21,111.67,94.56,118.87,168.59
2020-09-19,148.2,162.56,244.44,207.94,152.0,149.77,112.67,90.2,111.23,127.9
2020-09-20,146.38,160.15,242.12,205.86,151.53,148.86,111.0,89.06,112.08,127.9
2020-09-21,142.53,155.34,237.28,201.72,150.59,147.02,107.65,86.99,114.2,131.78
2020-09-22,148.2,163.11,243.67,206.66,154.83,150.3,111.5,92.04,116.32,133.71
2020-09-23,148.65,161.63,238.63,203.31,152.24,149.77,109.66,93.42,114.2,124.02
2020-09-24,156.36,160.89,234.18,204.59,153.88,155.14,112.5,91.58,120.57,125.96
2020-09-25,152.28,158.49,233.79,201.88,154.59,153.83,111.5,91.58,121.41,124.02
2020-09-26,144.35,153.86,233.4,196.46,156.0,151.21,109.66,92.04,123.11,122.09
2020-09-27,143.44,154.97,234.95,196.62,156.47,151.08,109.99,92.73,124.81,120.15
2020-09-28,141.4,157.19,237.66,196.78,157.65,150.82,110.83,94.1,127.78,118.21
2020-09-29,146.84,159.6,235.34,199.33,155.18,148.46,115.01,94.33,122.26,122.09
2020-09-30,147.06,157.93,238.05,200.6,159.77,149.51,113.84,95.48,121.41,124.02
2020-10-01,142.99,156.82,235.53,193.27,157.77,146.5,113.51,96.17,119.72,114.33
2020-10-02,142.76,158.49,237.86,193.91,158.59,146.11,114.18,97.32,119.29,120.15
2020-10-03,142.53,161.82,242.12,195.18,160.12,145.19,115.18,99.38,118.02,131.78
2020-10-04,144.12,166.45,244.44,196.14,161.42,145.45,116.19,100.53,118.44,131.78
2020-10-05,147.29,175.52,249.09,198.05,164.13,145.98,118.03,102.6,119.29,129.84
2020-10-06,136.87,174.22,243.86,187.37,159.77,140.21,111.67,97.32,113.77,120.15
2020-10-07,130.3,169.41,237.86,181.31,155.18,133.93,109.15,92.5,107.41,120.15
2020-10-08,121.91,169.22,235.53,178.6,153.77,129.35,108.65,98.7,126.93,166.66
2020-10-09,119.42,168.67,228.17,173.33,149.41,125.42,107.65,95.48,123.54,166.66
2020-10-10,110.13,160.71,206.28,157.39,135.99,112.85,101.45,85.61,112.5,158.91
2020-10-11,111.49,163.85,207.25,159.14,137.52,114.82,103.29,86.76,112.5,160.84
2020-10-12,114.66,169.96,209.77,162.97,140.46,118.61,107.48,89.06,113.35,162.78
2020-10-13,101.29,152.93,190.79,142.88,129.63,106.83,95.43,84.69,107.83,147.28
2020-10-14,100.61,154.78,193.69,145.11,133.16,110.89,101.96,90.2,112.92,147.28
2020-10-15,103.56,156.63,193.69,150.69,137.17,115.34,103.8,93.88,116.75,162.78
2020-10-16,104.92,159.23,197.96,153.56,140.7,120.97,105.81,97.55,121.41,158.91
2020-10-17,107.64,164.22,206.48,159.46,148.0,132.1,109.99,104.89,131.18,147.28
2020-10-18,105.82,162.0,203.57,157.71,146.11,131.44,108.15,104.2,130.33,145.34
2020-10-19,102.65,157.56,197.57,154.2,142.35,130.0,104.63,102.83,128.21,139.53
2020-10-20,110.36,161.26,217.52,174.13,157.65,144.54,118.7,113.16,148.16,176.35
2020-10-21,113.3,165.71,223.52,177.48,161.42,150.82,122.05,119.58,152.41,174.41
2020-10-22,123.72,170.89,240.57,185.29,170.72,161.03,128.07,117.29,137.12,141.46
2020-10-23,133.69,185.33,261.1,202.52,184.61,176.87,138.45,129.68,148.58,156.97
2020-10-24,157.71,221.25,309.33,242.7,216.99,213.14,163.06,157.91,174.91,193.79
2020-10-25,155.68,219.58,304.87,240.31,214.64,210.78,161.39,156.76,172.36,191.85
2020-10-26,151.37,216.44,295.58,235.37,209.93,206.33,157.54,154.7,166.84,187.97
2020-10-27,167.91,234.21,321.53,250.19,227.59,220.6,173.27,161.59,178.3,205.41
2020-10-28,180.6,260.13,345.74,264.23,243.95,235.39,183.99,174.67,191.89,230.61
2020-10-29,192.38,278.46,367.24,282.73,261.38,252.28,193.03,185.23,202.92,244.17
2020-10-30,202.81,295.68,392.81,307.76,284.22,266.81,210.44,199.92,217.36,277.12
2020-10-31,210.29,312.71,394.75,308.88,289.64,268.65,216.3,199.46,216.08,290.68
2020-11-01,212.1,315.12,394.94,310.15,291.28,269.43,217.3,201.29,219.06,304.25
2020-11-02,215.5,320.12,395.72,312.38,294.58,271.13,219.31,204.74,225.0,333.31
2020-11-03,228.64,351.59,410.05,318.6,304.35,287.11,233.54,214.38,225.0,333.31
2020-11-04,252.21,379.18,441.24,342.52,328.61,308.45,254.47,237.33,253.87,364.32
2020-11-05,252.21,389.18,437.36,344.76,329.31,308.05,259.32,244.21,258.54,362.38
2020-11-06,256.51,391.96,432.91,347.47,333.79,310.41,266.52,245.59,259.81,360.44
2020-11-07,268.75,398.25,433.1,346.83,347.09,310.8,275.23,247.43,293.77,408.89
2020-11-08,272.6,401.03,436.01,348.1,349.33,313.29,277.91,248.57,296.74,412.77
2020-11-09,279.85,406.58,441.62,350.5,353.92,318.27,283.27,250.64,301.84,422.46
2020-11-10,286.42,433.98,468.55,384.3,380.88,349.95,303.52,275.2,321.37,445.71
2020-11-11,290.05,435.65,471.65,393.55,387.71,359.77,310.39,281.4,332.41,441.83
2020-11-12,300.7,452.68,483.27,405.67,396.9,372.6,326.12,289.89,352.78,468.96
2020-11-13,312.71,469.35,501.09,416.03,406.31,399.7,345.21,304.81,368.07,472.84
2020-11-14,310.9,462.13,503.41,421.78,412.79,406.11,346.72,319.04,391.84,540.67
2020-11-15,310.67,460.09,503.41,422.25,412.55,406.51,348.72,319.04,391.84,532.91
2020-11-16,310.44,456.02,503.02,423.21,412.08,407.16,352.74,319.04,392.26,519.35
2020-11-17,312.71,440.28,494.31,424.01,413.38,399.3,347.22,325.24,404.57,544.54
2020-11-18,305.69,434.91,490.63,425.44,420.56,405.98,352.41,322.25,397.36,538.73
2020-11-19,316.11,449.17,513.29,451.28,442.81,434.26,366.47,336.02,414.34,602.68
2020-11-20,325.63,463.79,539.44,467.86,460.36,453.64,379.53,355.3,426.23,625.93
2020-11-21,313.84,454.35,525.49,459.57,445.4,447.88,370.99,351.86,393.54,591.05
2020-11-22,311.58,452.13,525.49,460.05,446.93,448.01,369.15,352.09,392.69,587.18
2020-11-23,307.27,447.5,525.69,461.16,449.88,448.27,365.47,352.55,391.84,575.55
2020-11-24,316.11,444.72,516.97,455.58,442.81,444.08,363.79,347.5,403.3,592.99
2020-11-25,312.26,433.24,500.89,442.66,430.57,433.34,356.26,339.24,395.24,604.62
2020-11-26,303.87,417.32,485.4,429.59,422.33,420.38,343.2,329.6,378.68,573.61
2020-11-27,290.5,404.36,459.06,411.41,410.2,391.84,322.44,311.92,358.73,560.04
2020-11-28,285.52,392.88,453.44,401.2,399.84,384.38,320.77,296.55,340.47,499.97
2020-11-29,284.39,391.21,452.86,400.25,398.66,383.86,319.26,294.48,339.2,499.97
2020-11-30,281.89,387.88,452.08,398.49,396.07,382.94,316.08,290.58,337.07,496.1
2020-12-01,281.21,389.92,459.44,401.68,398.78,388.7,322.27,286.45,332.41,490.28
2020-12-02,277.36,381.77,447.63,394.19,388.07,380.71,309.38,283.23,322.64,498.03
2020-12-03,276.91,372.7,432.71,382.55,376.88,366.57,309.55,272.9,319.67,468.96
2020-12-04,275.09,364.18,421.67,371.23,363.69,349.82,300.51,257.99,326.04,482.53
2020-12-05,275.77,361.96,420.32,373.78,360.4,343.66,301.35,253.39,321.79,472.84
2020-12-06,275.77,359.92,419.54,373.46,357.81,341.83,301.68,252.25,322.22,476.72
2020-12-07,275.77,356.22,418.19,372.98,352.74,338.03,302.18,250.41,323.07,486.41
2020-12-08,248.36,319.38,377.7,335.83,320.95,300.07,273.05,225.85,284.86,439.9
2020-12-09,243.37,312.9,367.83,330.56,314.48,289.59,266.36,216.9,272.97,418.58
2020-12-10,245.64,313.45,374.41,333.91,321.07,293.13,269.7,223.33,271.7,432.15
2020-12-11,244.5,309.38,380.42,338.54,321.78,299.94,269.04,221.95,283.58,428.27
2020-12-12,234.08,299.94,361.05,327.21,306.71,285.54,255.47,213.69,268.3,416.64
2020-12-13,241.33,309.56,372.28,336.46,315.19,293.52,262.51,220.34,275.94,428.27
2020-12-14,255.83,328.82,394.55,355.12,332.14,309.49,276.74,233.66,290.38,453.46
2020-12-15,269.2,345.67,417.6,374.73,343.91,327.95,289.96,246.74,315.85,488.34
2020-12-16,281.44,356.04,436.39,391.64,360.51,335.81,300.68,247.43,321.37,488.34
2020-12-17,281.44,358.63,450.15,404.87,365.11,340.13,299.34,260.51,337.07,523.23
2020-12-18,292.54,376.03,472.81,418.43,379.94,357.93,312.06,272.22,345.99,517.41
2020-12-19,293.0,384.18,484.24,425.28,390.42,367.1,317.25,280.02,368.07,552.29
2020-12-20,292.77,385.47,484.62,424.65,390.42,369.06,317.42,281.63,368.91,548.42
2020-12-21,292.32,388.07,485.4,423.05,390.18,373.12,317.75,284.38,369.76,540.67
2020-12-22,324.27,428.43,538.47,466.27,426.21,408.21,346.88,315.6,403.3,585.24
2020-12-23,340.81,455.28,581.08,503.26,447.88,439.1,374.67,338.55,446.18,633.68
2020-12-24,328.8,438.24,558.23,484.76,423.03,422.74,362.62,323.17,440.24,620.12
2020-12-25,327.21,426.21,539.05,469.93,407.26,409.52,353.91,316.97,426.23,625.93
2020-12-26,349.65,447.31,567.52,498.64,430.69,436.88,374.67,335.79,452.55,670.5
2020-12-27,347.61,446.94,568.49,498.48,431.39,437.53,376.01,335.33,451.27,668.57
2020-12-28,343.75,445.83,570.62,497.84,433.04,438.58,378.36,334.19,449.57,662.75
2020-12-29,356.44,460.27,582.05,506.77,448.58,453.11,387.9,350.48,467.83,722.83
2020-12-30,363.7,473.23,602.19,518.57,460.24,465.42,395.77,359.66,488.63,761.58
2020-12-31,349.42,455.09,573.72,485.24,440.11,444.08,376.68,340.15,461.04,722.83
2021-01-01,326.99,426.76,537.89,461.32,417.5,420.38,354.08,321.79,442.36,722.83
2021-01-02,327.21,419.91,536.34,455.74,414.09,420.91,350.73,317.89,444.06,742.2
2021-01-03,333.78,427.69,548.74,465.79,423.15,428.76,358.43,323.4,459.34,775.15
2021-01-04,347.15,442.87,573.53,486.04,441.28,444.34,374.0,334.42,490.33,842.97
2021-01-05,363.47,460.46,612.65,516.18,469.07,478.12,406.48,356.91,548.07,912.74
2021-01-06,346.25,435.28,581.86,480.78,449.64,453.51,381.37,340.38,511.56,879.79
2021-01-07,365.74,468.42,633.96,511.71,482.61,484.8,407.82,369.53,540.0,937.93
2021-01-08,407.88,543.78,736.04,591.12,547.84,560.73,465.91,422.55,638.06,1114.28
2021-01-09,453.2,620.61,871.82,699.56,640.61,651.98,539.74,488.89,721.27,1185.98
2021-01-10,467.48,636.35,904.75,720.77,658.63,674.1,557.82,499.67,750.14,1220.86
2021-01-11,483.57,651.53,942.71,748.03,680.88,697.15,576.41,519.41,769.24,1240.24
2021-01-12,501.02,680.97,987.07,770.36,704.55,724.12,590.3,518.5,771.79,1187.92
2021-01-13,523.0,726.14,1043.04,816.44,740.93,763.13,630.48,538.69,814.24,1279.0
2021-01-14,597.55,815.94,1191.8,931.25,854.66,868.0,717.37,617.19,900.42,1408.83
2021-01-15,697.03,951.84,1378.91,1075.25,987.82,995.9,824.52,703.03,1009.95,1550.3
2021-01-16,796.96,1083.29,1529.41,1202.98,1095.32,1118.45,930.82,798.28,1138.58,1711.14
2021-01-17,826.64,1131.8,1581.71,1244.76,1133.11,1159.42,968.66,833.17,1174.24,1782.84
2021-01-18,857.23,1162.16,1609.79,1259.9,1153.36,1181.94,986.07,856.13,1193.35,1802.22
2021-01-19,938.13,1258.26,1690.95,1345.22,1229.66,1260.23,1058.56,919.47,1251.08,1932.06
2021-01-20,1084.74,1442.85,1883.29,1527.32,1413.45,1437.37,1213.09,1048.01,1419.2,2098.72
2021-01-21,1181.27,1567.45,2020.04,1660.63,1540.02,1557.68,1323.08,1130.18,1532.12,2230.49
2021-01-22,1275.09,1646.14,2101.39,1738.93,1630.79,1644.74,1400.76,1198.58,1574.57,2232.43
2021-01-23,1321.54,1669.1,2054.9,1725.69,1616.55,1637.41,1401.59,1201.56,1560.14,2286.69
2021-01-24,1389.29,1741.67,2113.78,1793.14,1682.6,1704.31,1458.85,1261.01,1633.16,2416.53
2021-01-25,1517.78,1881.46,2239.88,1913.22,1819.29,1823.84,1560.8,1344.78,1775.8,2561.87
2021-01-26,1598.9,1954.96,2331.11,2023.72,1923.72,1924.91,1666.78,1439.58,1858.58,2701.39
2021-01-27,1716.96,2047.35,2409.36,2106.33,2018.03,2032.13,1751.66,1540.34,1938.82,2767.28
2021-01-28,1772.93,2074.94,2374.3,2109.04,2025.92,2044.18,1766.39,1558.47,1962.17,2796.35
2021-01-29,1814.85,2088.64,2338.47,2118.76,2036.99,2063.42,1775.1,1570.17,1980.0,2778.91
2021-01-30,1868.33,2094.19,2302.64,2115.41,2051.35,2056.22,1772.58,1563.52,1955.37,2716.9
2021-01-31,1912.29,2123.63,2318.91,2136.62,2084.79,2086.86,1790.16,1569.95,1971.08,2678.14
2021-02-01,1974.83,2203.61,2415.95,2230.71,2185.34,2176.8,1863.16,1631.46,2029.67,2744.03
2021-02-02,2034.66,2229.9,2394.45,2226.24,2194.52,2177.85,1852.27,1636.05,1994.43,2651.01
2021-02-03,1992.96,2148.44,2269.51,2123.55,2095.98,2079.53,1760.7,1564.67,1899.34,2575.43
2021-02-04,1965.54,2081.05,2162.4,2039.99,2013.21,2002.15,1695.07,1515.32,1824.19,2468.85
2021-02-05,1953.08,2062.35,2073.11,1978.12,1961.52,1937.87,1645.68,1475.84,1783.86,2435.9
2021-02-06,1892.58,1993.47,2016.94,1908.27,1907.01,1880.66,1594.79,1425.57,1739.29,2325.45
2021-02-07,1852.7,1940.89,1948.37,1852.78,1854.49,1814.81,1541.55,1376.92,1665.42,2213.05
2021-02-08,1735.54,1804.99,1800.58,1727.45,1715.33,1688.6,1433.4,1290.61,1514.29,2061.9
2021-02-09,1673.0,1725.94,1673.9,1611.36,1601.12,1575.22,1328.77,1205.46,1428.96,1943.69
2021-02-10,1544.97,1600.22,1529.8,1490.17,1477.03,1440.9,1215.26,1088.4,1310.94,1794.47
2021-02-11,1463.85,1525.98,1458.9,1417.77,1396.61,1361.3,1145.95,1017.48,1224.76,1639.44
2021-02-12,1355.53,1409.33,1332.81,1291.64,1278.52,1237.98,1051.03,933.02,1097.4,1507.66
2021-02-13,1217.08,1280.47,1220.85,1176.35,1159.13,1124.47,951.08,841.89,990.85,1370.08
2021-02-14,1161.79,1221.04,1167.98,1128.51,1098.03,1069.87,907.55,807.93,937.78,1319.69
2021-02-15,1064.8,1098.84,1023.09,1005.72,965.69,942.75,803.76,714.05,837.17,1174.35
2021-02-16,901.19,949.06,905.71,881.18,850.07,826.1,705.15,620.86,754.81,1071.64
2021-02-17,814.18,855.19,833.27,812.14,772.83,752.13,644.71,561.42,680.09,959.25
2021-02-18,754.81,804.83,807.7,789.17,744.93,723.59,610.73,528.82,643.16,930.18
2021-02-19,645.81,684.12,737.78,717.42,662.04,640.33,536.4,456.52,556.13,800.34
2021-02-20,607.29,644.12,694.59,675.48,629.31,598.3,498.9,429.67,512.4,740.27
2021-02-21,577.83,612.28,669.21,642.95,600.35,573.56,475.79,409.24,489.06,687.94
2021-02-22,542.71,573.58,626.99,600.69,561.61,538.34,444.82,379.86,461.04,643.37
2021-02-23,462.95,494.16,552.8,534.04,495.09,466.47,384.89,325.01,402.03,530.98
2021-02-24,423.52,444.17,497.41,478.54,437.4,412.66,338.01,291.27,359.57,453.46
2021-02-25,374.57,399.55,441.04,425.44,388.77,367.23,297.83,261.89,319.24,416.64
2021-02-26,339.68,362.7,404.24,388.45,353.69,332.93,269.7,239.85,308.21,397.26
2021-02-27,303.65,330.12,364.34,349.7,323.54,302.29,243.59,224.02,266.18,350.75
2021-02-28,283.71,309.01,335.87,327.06,308.24,278.73,226.51,212.31,253.87,339.13
2021-03-01,275.77,303.27,330.83,319.08,302.59,273.88,223.5,208.41,244.95,327.5
2021-03-02,252.89,272.54,296.74,290.86,271.39,242.72,197.88,182.7,216.51,286.81
2021-03-03,225.02,246.43,276.98,264.55,248.43,220.6,181.81,169.16,199.1,271.3
2021-03-04,188.99,200.51,213.06,197.57,192.86,165.61,135.1,133.35,159.62,191.85
2021-03-05,169.04,179.96,177.23,162.33,164.95,140.74,114.68,117.06,133.73,145.34
2021-03-06,151.6,161.08,153.02,146.07,145.17,125.94,103.29,100.99,119.72,129.84
2021-03-07,133.47,149.41,143.72,136.66,135.05,118.61,96.6,95.48,107.41,116.27
2021-03-08,129.39,152.01,143.33,138.09,136.22,118.87,97.1,95.25,108.68,116.27
2021-03-09,120.55,142.93,131.91,126.13,125.39,110.1,89.06,88.14,92.12,110.46
2021-03-10,112.17,134.79,127.45,118.0,118.8,104.21,86.05,83.78,87.88,102.71
2021-03-11,102.42,123.31,125.13,112.42,111.38,100.15,82.2,79.19,82.78,93.02
2021-03-12,96.53,113.49,119.51,108.11,108.79,96.09,79.69,77.81,73.87,85.27
2021-03-13,92.91,104.98,113.5,101.26,103.37,90.6,73.66,69.55,75.99,71.7
2021-03-14,88.15,97.02,111.96,96.63,98.31,86.01,69.48,67.48,70.9,71.7
2021-03-15,82.03,91.09,104.21,91.85,92.07,81.96,65.12,63.58,64.95,67.83
2021-03-16,72.29,84.06,96.27,82.76,83.95,76.98,60.6,57.84,57.31,54.26
2021-03-17,67.75,79.06,88.52,74.95,76.29,71.74,56.75,55.54,55.61,52.32
2021-03-18,63.68,72.58,80.38,67.13,68.99,65.98,55.08,50.72,49.25,50.38
2021-03-19,58.24,65.54,75.35,61.39,61.34,59.18,49.89,46.36,46.7,54.26
2021-03-20,53.48,64.06,70.89,57.41,59.1,53.55,47.38,44.76,45.0,54.26
2021-03-21,53.02,61.65,69.34,55.33,56.16,52.63,45.2,41.54,44.15,52.32
2021-03-22,51.67,59.06,68.37,54.22,54.63,53.15,44.53,39.94,42.03,52.32
2021-03-23,47.13,49.99,60.43,46.88,48.51,47.13,37.84,34.89,38.63,42.63
2021-03-24,47.81,52.58,64.69,51.03,51.1,47.26,39.01,36.04,40.75,44.57
2021-03-25,45.32,50.17,58.3,45.45,47.57,41.11,36.5,30.99,39.06,40.7
2021-03-26,42.6,49.25,56.95,43.85,42.97,39.8,33.82,28.46,35.66,29.07
2021-03-27,38.98,45.55,53.27,41.94,40.5,36.92,33.82,28.69,28.44,29.07
2021-03-28,39.43,47.4,55.78,44.17,41.21,37.44,34.32,27.77,30.99,23.25
2021-03-29,38.52,47.77,55.98,44.49,41.91,37.18,33.99,28.0,29.72,25.19
2021-03-30,37.39,44.62,51.72,40.98,37.21,32.21,31.31,23.87,26.32,23.25
2021-03-31,38.75,45.55,54.23,46.88,39.56,33.12,31.31,25.48,27.59,17.44
2021-04-01,36.03,46.66,54.04,47.68,40.27,32.99,30.97,26.62,29.29,23.25
2021-04-02,36.03,47.95,55.98,49.11,41.09,34.3,31.98,27.77,27.17,21.32
2021-04-03,37.84,50.36,57.33,50.55,43.45,34.04,33.65,28.92,26.32,23.25
2021-04-04,37.16,49.62,56.56,51.51,43.68,33.91,33.65,28.92,25.47,23.25
2021-04-05,37.16,47.58,56.36,51.82,42.5,32.21,32.65,28.23,24.2,23.25
2021-04-06,37.84,48.69,55.78,51.19,42.15,32.73,33.15,28.0,25.05,23.25
2021-04-07,33.99,42.95,52.1,46.08,38.15,29.46,31.14,26.62,21.65,17.44
2021-04-08,36.94,47.95,57.53,50.55,43.8,34.3,34.49,28.92,25.47,23.25
2021-04-09,36.03,47.77,57.91,49.59,43.21,35.61,34.32,29.61,25.05,17.44
2021-04-10,36.71,49.99,59.85,51.35,45.33,36.79,34.99,29.84,24.2,15.5
2021-04-11,36.26,49.8,59.66,50.39,44.74,37.57,35.16,28.92,22.08,19.38
2021-04-12,36.26,49.8,59.46,50.07,44.86,36.53,34.99,28.92,24.2,19.38
2021-04-13,36.71,50.17,61.4,51.67,46.04,37.84,35.32,30.07,25.47,17.44
2021-04-14,35.35,49.25,58.69,47.04,44.15,38.88,35.16,29.15,23.77,19.38
2021-04-15,36.03,48.51,61.21,47.52,46.27,38.88,36.16,28.0,21.65,19.38
2021-04-16,34.44,52.21,61.79,47.52,46.86,39.28,37.33,27.77,20.8,17.44
2021-04-17,33.08,50.36,63.34,48.0,44.98,41.11,36.16,26.4,22.08,13.57
2021-04-18,35.8,53.14,66.24,48.32,46.39,43.33,38.51,28.69,23.35,19.38
2021-04-19,34.9,53.88,66.05,45.77,45.92,42.68,38.84,28.69,23.77,23.25
2021-04-20,36.03,54.99,68.37,46.88,46.98,44.38,40.01,30.3,21.65,21.32
2021-04-21,38.3,57.03,68.57,48.0,47.57,45.69,41.18,30.53,18.68,27.13
2021-04-22,38.3,54.8,66.82,48.32,44.51,43.2,40.35,28.0,15.71,23.25
2021-04-23,38.52,57.21,64.31,49.43,44.74,41.76,39.01,28.23,16.13,29.07
2021-04-24,41.01,68.32,70.31,51.51,44.86,42.55,38.17,27.77,16.98,42.63
2021-04-25,41.69,67.58,70.31,50.71,45.68,41.5,37.17,27.77,21.23,44.57
2021-04-26,41.92,68.13,69.73,51.03,44.74,42.03,37.5,27.54,20.38,44.57
2021-04-27,43.96,70.73,71.28,52.78,44.98,44.12,39.01,29.61,16.13,32.94
2021-04-28,45.32,74.06,73.99,55.01,47.45,44.64,38.84,27.31,16.13,42.63
2021-04-29,49.63,74.8,72.05,53.74,44.27,45.56,38.84,28.46,18.68,42.63
2021-04-30,50.53,71.1,69.92,53.74,43.21,45.43,37.17,28.0,19.95,48.45
2021-05-01,54.16,70.17,68.18,53.58,44.03,44.91,35.99,27.08,18.68,48.45
2021-05-02,52.8,71.1,68.37,52.94,44.39,43.07,34.15,26.17,16.98,42.63
2021-05-03,52.57,69.24,67.21,53.26,43.56,42.94,32.65,26.62,16.56,38.76
2021-05-04,52.34,68.5,69.92,53.58,44.98,42.55,32.14,26.4,19.1,38.76
2021-05-05,51.21,68.32,68.18,52.62,45.56,40.98,30.64,25.48,19.1,32.94
2021-05-06,47.13,66.1,67.6,51.67,46.27,40.32,28.8,26.62,17.83,29.07
2021-05-07,47.59,63.51,68.37,50.39,46.62,41.24,28.63,26.4,17.83,27.13
2021-05-08,46.0,51.29,61.4,47.52,43.56,41.37,26.79,24.33,17.83,11.63
2021-05-09,44.87,51.1,60.24,48.32,42.74,41.63,26.79,24.1,14.01,5.81
2021-05-10,44.19,49.25,60.05,47.52,42.27,40.85,26.12,22.95,12.74,5.81
2021-05-11,42.15,48.32,59.27,45.13,42.5,40.45,25.28,19.97,14.43,13.57
2021-05-12,40.11,44.81,58.5,43.69,39.8,38.88,23.77,18.82,13.58,7.75
2021-05-13,35.35,43.32,57.33,43.21,40.62,36.79,20.59,16.3,11.46,0.0
2021-05-14,32.63,42.58,57.14,43.21,41.44,34.3,20.76,16.3,10.19,0.0
2021-05-15,27.19,41.47,55.2,40.34,38.85,32.86,20.09,16.98,10.19,1.94
2021-05-16,26.06,39.25,53.85,41.46,38.03,32.99,19.92,16.53,11.46,3.88
2021-05-17,27.65,43.32,58.5,45.61,41.33,34.69,22.27,17.9,13.58,9.69
2021-05-18,28.1,44.44,56.95,47.52,41.09,35.22,23.77,16.07,11.89,9.69
2021-05-19,29.68,44.99,56.36,46.4,40.27,35.74,22.94,15.61,11.89,7.75
2021-05-20,30.82,45.73,54.82,46.4,39.44,37.05,23.44,14.0,12.31,7.75
2021-05-21,29.01,46.66,54.82,46.4,39.91,35.35,24.61,12.39,11.89,11.63
2021-05-22,28.1,47.03,54.43,45.77,41.21,33.78,25.28,13.08,10.61,15.5
2021-05-23,26.06,45.18,51.72,43.85,39.68,32.34,24.61,12.85,9.76,15.5
2021-05-24,27.65,46.66,53.27,45.29,40.38,33.52,25.45,13.77,10.19,17.44
2021-05-25,28.55,46.47,55.4,46.24,41.09,32.21,25.28,14.23,10.19,21.32
2021-05-26,30.36,48.88,56.75,46.08,43.8,32.99,26.28,15.38,9.76,17.44
2021-05-27,31.5,52.03,59.27,47.84,43.92,35.22,28.63,16.3,8.49,23.25
2021-05-28,31.95,53.51,59.85,47.36,43.8,36.53,26.95,14.23,8.49,19.38
2021-05-29,34.44,57.03,66.44,49.59,46.62,38.1,27.79,15.15,8.49,19.38
2021-05-30,34.44,56.65,66.24,48.32,45.8,37.31,27.29,14.23,7.22,17.44
2021-05-31,34.22,55.73,65.66,45.29,44.03,36.0,26.12,12.39,5.09,13.57
2021-06-01,34.22,56.1,69.15,45.92,44.15,36.26,24.94,12.85,8.07,15.5
2021-06-02,34.44,56.1,70.7,47.2,45.8,38.23,24.78,12.16,7.64,19.38
2021-06-03,35.35,55.91,75.15,48.16,46.51,37.97,25.11,12.62,8.07,19.38
2021-06-04,36.26,56.1,78.45,50.87,45.68,39.14,24.44,13.31,8.49,15.5
2021-06-05,35.58,57.77,84.45,56.13,46.39,40.32,24.61,13.31,9.76,15.5
2021-06-06,35.12,59.06,85.61,56.45,46.74,40.98,24.61,13.31,9.76,15.5
2021-06-07,33.99,61.28,87.74,56.93,47.45,42.16,24.44,13.54,10.61,17.44
2021-06-08,34.44,61.65,89.87,58.84,47.1,44.25,25.45,13.31,12.74,15.5
2021-06-09,33.76,60.17,91.23,61.23,46.27,45.04,24.94,12.62,14.01,11.63
2021-06-10,33.99,57.95,94.33,61.07,46.62,43.99,23.61,11.94,14.01,5.81
2021-06-11,34.9,56.28,97.04,61.23,46.98,44.38,25.28,12.39,14.01,9.69
2021-06-12,33.76,58.51,97.23,60.6,46.74,45.3,25.11,11.25,13.16,7.75
2021-06-13,33.76,59.06,96.85,60.91,46.86,45.04,24.94,11.48,13.16,7.75
2021-06-14,33.99,60.54,96.27,61.87,47.1,44.25,24.28,11.71,13.16,5.81
2021-06-15,33.99,61.28,96.07,60.12,46.86,43.73,23.27,11.48,9.76,5.81
2021-06-16,31.5,62.39,99.56,60.44,46.86,43.07,24.78,11.94,11.46,9.69
2021-06-17,30.59,66.47,104.01,57.25,46.27,41.89,23.94,11.48,10.19,9.69
2021-06-18,31.5,67.95,111.57,58.36,49.1,40.72,23.1,11.48,9.34,9.69
2021-06-19,34.22,69.99,115.83,57.41,49.21,40.32,22.43,11.71,10.19,11.63
2021-06-20,34.44,69.8,117.18,57.73,49.21,39.41,21.76,11.71,9.76,11.63
2021-06-21,34.9,69.43,119.9,58.2,49.33,37.57,20.76,11.71,8.49,9.69
2021-06-22,35.12,81.65,129.19,61.87,52.39,37.18,20.42,12.16,8.07,9.69
2021-06-23,34.9,88.69,135.97,62.03,53.92,34.43,20.26,12.62,7.64,15.5
2021-06-24,34.9,93.68,141.78,65.7,54.28,33.12,19.75,12.85,8.49,15.5
2021-06-25,39.88,109.05,166.0,77.34,58.75,34.43,20.59,14.23,11.46,13.57
2021-06-26,41.24,117.94,178.78,80.05,59.93,33.78,21.6,14.92,11.89,17.44
2021-06-27,43.73,128.68,193.69,85.31,64.4,36.66,24.11,15.38,13.16,17.44
2021-06-28,48.72,150.15,223.33,95.68,73.12,42.42,29.3,16.53,14.86,19.38
2021-06-29,52.34,175.33,255.1,107.16,79.36,44.38,31.14,18.36,15.28,19.38
2021-06-30,62.54,211.07,301.39,121.51,90.07,48.31,33.32,22.49,17.83,17.44
2021-07-01,73.19,255.32,384.1,148.46,107.61,59.7,37.84,26.85,22.92,31.01
2021-07-02,81.35,297.53,460.6,169.03,119.39,66.77,43.7,28.69,27.17,36.82
2021-07-03,93.81,356.78,571.59,202.36,136.58,78.81,51.9,33.97,32.69,44.57
2021-07-04,100.16,378.62,607.23,215.59,144.94,86.41,56.42,36.49,35.66,48.45
2021-07-05,113.07,422.5,678.7,242.06,161.77,101.59,65.12,41.31,41.6,58.14
2021-07-06,118.06,451.39,726.16,259.28,169.07,106.96,67.97,42.46,44.15,67.83
2021-07-07,130.52,499.9,806.93,293.89,186.5,119.79,80.02,47.51,46.27,79.45
2021-07-08,147.97,561.92,904.36,328.01,208.99,134.19,94.59,51.87,52.22,93.02
2021-07-09,155.68,591.17,947.36,347.79,218.99,140.21,101.29,54.4,53.07,94.96
2021-07-10,183.09,671.34,1075.39,412.53,250.78,157.89,117.69,63.12,60.71,100.77
2021-07-11,192.16,693.19,1108.51,429.91,258.79,163.52,121.54,66.33,64.53,108.52
2021-07-12,210.29,736.88,1174.95,464.51,274.8,175.04,129.41,72.76,72.59,124.02
2021-07-13,221.62,773.54,1232.48,496.56,288.34,179.23,132.93,72.53,72.17,141.46
2021-07-14,239.74,816.68,1295.62,533.24,304.94,186.17,140.8,74.37,82.78,155.03
2021-07-15,263.31,866.49,1343.46,569.28,320.13,192.58,150.34,78.96,88.3,160.84
2021-07-16,293.0,928.51,1411.06,614.72,338.5,202.93,162.73,85.84,95.09,170.53
2021-07-17,325.4,967.21,1436.44,643.59,355.1,209.21,173.27,86.99,95.52,178.28
2021-07-18,336.96,985.72,1450.58,658.74,360.04,211.17,176.62,88.14,95.94,182.16
2021-07-19,359.84,1022.93,1478.66,689.35,369.7,215.1,183.49,90.43,97.22,189.91
2021-07-20,384.54,1056.45,1536.77,732.73,384.18,221.65,189.85,94.56,102.31,186.04
2021-07-21,416.72,1112.36,1602.62,778.17,397.01,235.92,199.56,103.06,114.2,195.73
2021-07-22,451.16,1172.53,1636.72,824.42,411.97,249.4,204.08,117.75,127.36,215.1
2021-07-23,489.01,1254.18,1698.7,872.73,427.98,264.72,216.13,127.39,137.12,222.86
2021-07-24,515.52,1276.96,1699.28,877.99,426.09,271.66,217.81,133.12,138.82,232.54
2021-07-25,527.76,1288.25,1701.8,883.1,427.86,274.67,220.65,135.88,141.79,230.61
2021-07-26,552.0,1310.65,1706.64,893.62,431.51,280.56,226.34,141.39,148.16,226.73
2021-07-27,561.97,1329.35,1706.44,900.48,429.86,286.58,234.88,145.98,157.08,211.23
2021-07-28,582.59,1364.9,1728.53,915.31,433.98,299.81,241.91,156.99,162.17,217.04
2021-07-29,598.68,1395.82,1733.17,929.82,437.99,308.58,246.77,162.27,167.69,215.1
2021-07-30,594.15,1365.83,1662.28,911.48,430.1,308.32,242.25,161.59,169.39,207.35
2021-07-31,610.69,1410.82,1671.58,932.37,434.57,322.85,250.62,174.21,182.55,205.41
2021-08-01,616.36,1413.78,1664.99,927.75,433.63,324.55,251.29,176.73,185.09,207.35
2021-08-02,627.46,1419.52,1651.63,918.34,431.75,328.08,252.8,182.24,190.19,211.23
2021-08-03,624.29,1413.22,1612.12,901.44,426.09,329.26,256.65,183.85,191.46,222.86
2021-08-04,620.21,1389.34,1563.89,871.93,421.39,328.87,251.62,184.08,190.61,218.98
2021-08-05,609.33,1342.31,1519.72,832.87,407.85,321.41,247.27,179.03,181.7,187.97
2021-08-06,602.53,1299.91,1480.02,796.35,397.72,320.23,239.74,176.96,181.7,189.91
2021-08-07,565.6,1224.37,1372.32,742.93,375.7,304.26,227.01,168.7,182.97,182.16
2021-08-08,561.52,1222.34,1362.83,737.03,373.82,304.26,225.51,169.62,186.37,187.97
2021-08-09,553.59,1218.08,1343.85,724.91,370.29,304.39,222.49,171.68,193.16,203.48
2021-08-10,543.62,1175.68,1291.55,692.54,362.52,299.54,212.62,174.67,191.46,211.23
2021-08-11,519.82,1126.99,1223.57,656.66,349.33,293.39,204.58,169.16,180.42,215.1
2021-08-12,498.98,1057.56,1143.57,607.71,328.25,282.13,200.73,169.16,186.37,242.23
2021-08-13,492.63,1042.0,1120.33,583.47,317.89,278.2,198.22,170.77,185.09,248.05
2021-08-14,443.23,920.18,995.59,506.77,283.87,250.97,176.45,156.99,171.51,238.36
2021-08-15,435.08,902.96,983.19,494.33,279.39,247.96,174.28,156.76,172.78,234.48
2021-08-16,419.21,868.89,958.79,469.29,270.8,242.07,169.93,156.08,174.91,228.67
2021-08-17,403.8,829.09,914.62,430.39,258.2,235.79,159.38,155.39,173.63,217.04
2021-08-18,386.81,801.87,861.16,402.0,246.9,224.79,152.01,150.57,168.96,201.54
2021-08-19,355.54,757.43,797.44,371.55,230.88,217.46,144.98,142.53,171.93,230.61
2021-08-20,335.6,722.81,743.98,344.12,222.88,205.15,140.46,138.63,169.81,236.42
2021-08-21,326.99,705.78,723.25,331.2,217.46,200.18,138.28,135.65,162.59,232.54
2021-08-22,318.38,688.74,702.53,318.28,212.05,195.2,136.11,132.66,155.38,228.67
2021-08-23,300.93,655.05,661.08,292.77,201.1,185.25,131.92,126.47,140.09,215.1
2021-08-24,294.13,644.31,640.35,282.41,196.62,183.29,132.76,120.5,139.25,215.1
2021-08-25,290.05,621.17,604.91,266.14,190.85,175.3,131.76,115.91,140.09,199.6
2021-08-26,275.55,593.02,564.42,248.28,186.97,165.88,122.55,110.4,129.06,170.53
2021-08-27,262.63,564.51,523.75,233.29,184.14,162.99,118.7,109.48,127.36,156.97
2021-08-28,255.61,554.33,501.28,227.07,182.38,161.55,117.36,107.65,125.66,158.91
2021-08-29,248.58,544.15,478.81,220.85,180.61,160.11,116.02,105.81,123.96,160.84
2021-08-30,234.53,523.22,433.68,208.89,176.96,156.97,113.34,102.37,121.41,158.91
2021-08-31,229.09,504.52,408.69,204.27,176.02,154.22,114.18,100.07,120.14,162.78
2021-09-01,215.95,471.01,372.09,191.67,168.48,147.28,110.66,97.32,119.72,178.28
2021-09-02,221.62,452.68,351.75,184.98,171.31,144.4,110.33,97.09,109.95,155.03
2021-09-03,208.7,419.54,320.18,178.44,165.78,140.08,109.32,93.88,109.1,153.09
2021-09-04,201.68,400.84,305.46,172.86,162.71,137.2,106.14,92.04,108.68,149.22
2021-09-05,194.65,382.14,290.73,167.28,159.65,134.32,102.96,90.2,108.25,145.34
2021-09-06,180.83,344.93,261.68,156.11,153.3,128.43,96.6,86.3,107.41,139.53
2021-09-07,175.62,323.64,249.87,151.97,151.76,128.56,94.42,86.53,106.98,131.78
2021-09-08,162.25,288.27,224.69,143.36,142.23,123.06,88.73,83.78,102.74,125.96
2021-09-09,154.32,260.87,207.83,140.33,135.75,122.15,86.39,78.27,97.22,112.4
2021-09-10,144.8,232.54,194.08,130.76,128.33,115.34,82.54,71.61,92.12,120.15
2021-09-11,140.49,218.47,185.56,126.61,124.33,110.76,79.69,69.09,87.45,114.33
2021-09-12,136.19,204.4,177.04,122.47,120.33,106.18,76.84,66.56,82.78,108.52
2021-09-13,127.8,176.81,160.19,114.01,112.09,97.01,70.98,61.74,73.44,100.77
2021-09-14,124.86,168.85,151.28,109.71,106.44,93.08,68.14,59.45,67.92,93.02
2021-09-15,123.04,148.67,138.49,100.3,99.72,86.41,66.8,56.23,66.23,75.58
2021-09-16,114.43,133.12,131.52,98.23,91.36,78.55,62.11,53.02,64.95,69.76
2021-09-17,108.09,122.01,125.13,91.05,85.12,74.23,58.76,51.87,56.46,56.2
2021-09-18,108.32,115.9,119.51,88.5,82.53,72.27,57.76,50.95,54.76,52.32
2021-09-19,108.54,109.79,113.89,85.95,79.94,70.3,56.75,50.04,53.07,48.45
2021-09-20,108.77,97.2,102.46,80.85,75.0,66.38,54.74,48.43,50.94,44.57
2021-09-21,109.68,89.43,95.3,79.89,71.11,61.53,53.24,47.05,47.55,46.51
2021-09-22,108.54,82.02,88.91,77.66,69.7,57.47,50.06,46.13,44.15,40.7
2021-09-23,106.5,80.54,80.38,70.8,65.11,52.89,48.22,44.3,39.06,40.7
2021-09-24,106.28,79.43,74.18,70.16,61.46,50.67,46.04,43.15,35.66,38.76
2021-09-25,106.28,78.5,72.25,69.84,59.93,49.23,45.7,42.46,36.93,42.63
2021-09-26,106.28,77.58,70.31,69.53,58.4,47.79,45.37,41.77,38.21,46.51
2021-09-27,105.82,75.35,66.24,68.57,55.69,45.04,45.03,39.94,40.33,52.32
2021-09-28,106.05,74.06,63.53,68.89,56.75,43.2,46.21,41.08,42.03,54.26
2021-09-29,102.42,67.58,56.17,69.53,55.81,42.42,41.69,41.31,37.78,52.32
2021-09-30,99.25,64.8,48.04,64.74,53.22,41.63,42.02,38.79,36.93,50.38
2021-10-01,98.12,60.36,45.13,62.19,51.69,40.59,39.34,36.95,38.21,48.45
2021-10-02,95.4,59.62,43.58,61.87,50.75,39.8,38.84,36.49,37.78,48.45
2021-10-03,92.68,58.88,42.03,61.55,49.8,39.01,38.34,36.04,37.36,48.45
2021-10-04,87.02,57.4,39.13,60.75,47.92,37.57,37.17,35.12,35.66,46.51
2021-10-05,84.52,56.65,37.77,57.09,48.86,37.31,36.83,35.81,34.81,42.63
2021-10-06,80.44,54.25,34.09,53.74,45.21,36.0,36.83,33.05,34.39,46.51
2021-10-07,76.36,48.51,35.83,51.67,43.33,35.48,37.33,33.28,34.81,44.57
2021-10-08,72.51,44.06,33.51,49.27,41.8,33.91,38.51,33.28,36.51,42.63
2021-10-09,69.57,42.4,32.93,48.48,41.68,33.91,37.84,33.28,35.24,36.82
2021-10-10,66.62,40.73,32.35,47.68,41.56,33.91,37.17,33.28,33.96,31.01
2021-10-11,61.18,37.4,30.99,46.08,40.97,33.65,35.66,33.28,30.99,21.32
2021-10-12,58.01,34.44,29.64,43.53,38.62,34.04,32.98,30.99,29.29,19.38
2021-10-13,54.84,32.77,28.09,40.18,36.85,34.43,33.65,29.84,28.44,23.25
2021-10-14,48.27,31.29,26.73,39.23,36.5,36.26,33.15,33.28,29.72,25.19
2021-10-15,46.0,29.99,25.76,39.87,37.09,36.92,32.98,33.05,32.69,32.94
2021-10-16,46.0,29.62,27.31,40.66,38.15,37.7,34.65,33.97,33.11,36.82
2021-10-17,46.0,29.25,28.86,41.46,39.21,38.49,36.33,34.89,33.54,40.7
2021-10-18,46.0,28.51,31.96,43.05,41.09,39.8,39.84,36.26,34.81,48.45
2021-10-19,46.45,29.07,31.96,44.33,40.15,39.54,41.35,34.43,35.66,52.32
2021-10-20,47.81,29.62,37.0,46.56,43.45,42.16,44.2,39.71,38.21,54.26
2021-10-21,50.08,31.85,37.38,51.35,47.33,45.69,44.03,44.3,43.73,58.14
2021-10-22,51.44,32.59,37.96,54.54,50.63,47.39,44.7,46.13,44.58,58.14
2021-10-23,52.57,33.33,39.32,55.81,51.45,48.96,46.04,47.28,47.97,62.01
2021-10-24,53.7,34.07,40.68,57.09,52.28,50.53,47.38,48.43,51.37,65.89
2021-10-25,55.74,35.92,43.58,60.12,54.04,53.94,49.72,50.72,58.58,73.64
2021-10-26,57.33,36.1,45.71,62.67,57.34,56.03,52.4,52.79,60.71,71.7
2021-10-27,57.33,40.18,48.04,63.63,60.87,58.52,54.41,55.09,62.41,71.7
2021-10-28,63.68,42.95,47.84,63.94,64.4,58.91,58.09,54.17,58.58,71.7
2021-10-29,64.13,46.1,49.97,64.58,67.93,61.79,59.77,60.36,62.83,69.76
2021-10-30,64.81,47.03,49.97,64.26,68.41,61.53,59.43,61.05,63.25,67.83
2021-10-31,65.49,47.95,49.97,63.94,68.88,61.27,59.1,61.74,63.68,65.89
2021-11-01,63.45,47.21,47.46,60.6,66.76,58.65,55.25,60.14,61.13,56.2
2021-11-02,67.3,50.36,49.2,62.35,69.7,60.22,57.42,64.27,64.1,56.2
2021-11-03,65.26,51.66,48.42,62.51,69.23,57.34,56.59,62.43,65.38,56.2
2021-11-04,68.21,54.62,51.14,66.18,73.12,58.52,60.77,62.89,65.38,54.26
2021-11-05,69.34,57.03,54.23,67.29,76.29,60.22,62.61,64.5,68.77,54.26
2021-11-06,72.51,57.95,54.82,68.41,79.0,61.01,64.45,66.1,67.5,52.32
2021-11-07,75.68,58.88,55.4,69.53,81.71,61.79,66.3,67.71,66.23,50.38
2021-11-08,82.03,60.54,56.75,71.44,87.01,63.5,70.31,71.15,62.83,48.45
2021-11-09,82.71,63.51,60.43,74.47,89.01,64.41,72.16,70.69,64.1,54.26
2021-11-10,86.56,64.25,64.69,82.6,91.36,65.46,74.83,71.15,63.25,63.95
2021-11-11,92.68,65.91,71.67,88.66,95.37,69.78,77.68,76.2,71.75,75.58
2021-11-12,100.84,66.47,73.41,91.21,95.96,73.31,80.86,74.6,69.62,75.58
2021-11-13,104.92,68.87,76.12,94.72,99.14,76.46,83.04,78.04,71.75,81.39
2021-11-14,109.0,71.28,78.83,98.23,102.31,79.6,85.21,81.48,73.87,87.2
2021-11-15,120.78,79.06,86.97,108.11,111.85,88.24,92.25,92.04,81.51,100.77
2021-11-16,120.1,78.5,87.94,113.86,116.91,91.25,94.09,95.25,81.93,102.71
2021-11-17,140.27,86.28,94.33,120.07,126.57,100.81,101.12,103.29,85.33,104.65
2021-11-18,153.18,91.09,97.04,124.06,130.45,105.52,104.63,106.73,86.6,116.27
2021-11-19,164.29,98.5,102.46,130.6,140.46,111.94,111.83,116.37,87.03,122.09
2021-11-20,171.99,104.24,104.59,136.18,145.52,116.26,115.01,119.81,88.3,125.96
2021-11-21,179.7,109.98,106.73,141.76,150.59,120.58,118.19,123.25,89.58,129.84
2021-11-22,195.1,121.27,111.18,153.24,161.07,129.09,124.56,130.37,92.55,133.71
2021-11-23,201.45,127.38,114.09,158.03,169.54,137.07,129.58,137.94,97.64,133.71
2021-11-24,221.84,140.71,124.35,168.07,186.5,145.71,146.32,152.63,107.83,133.71
2021-11-25,248.13,160.89,134.04,183.86,208.04,158.67,161.22,168.7,111.23,129.84
2021-11-26,261.27,170.71,145.27,195.98,224.53,163.91,172.77,174.9,111.65,133.71
2021-11-27,277.36,182.0,151.66,205.55,235.01,171.11,179.47,179.72,112.5,133.71
2021-11-28,293.45,193.29,158.05,215.11,245.48,178.31,186.16,184.54,113.35,133.71
2021-11-29,325.63,215.88,170.45,233.93,266.44,192.45,200.06,193.72,115.47,139.53
2021-11-30,351.69,236.62,184.01,247.32,280.81,209.47,213.29,197.85,120.57,143.4
2021-12-01,369.13,251.43,193.11,261.04,295.29,218.5,226.51,202.44,118.44,139.53
2021-12-02,396.1,268.65,211.13,278.26,315.42,236.57,244.76,209.33,122.69,135.65
2021-12-03,429.86,286.05,229.14,302.34,338.62,253.46,259.49,212.31,129.48,141.46
2021-12-04,452.98,300.31,240.76,316.21,354.98,264.46,271.04,216.44,132.03,141.46
2021-12-05,476.09,314.56,252.38,330.09,371.35,275.45,282.6,220.57,134.58,141.46
2021-12-06,484.93,319.93,258.19,333.91,377.12,278.33,286.11,216.44,132.45,133.71
2021-12-07,548.38,355.85,283.18,368.67,415.26,303.73,314.57,229.29,136.27,145.34
2021-12-08,549.06,355.11,279.69,368.04,414.56,306.09,311.56,219.65,127.78,137.59
2021-12-09,569.22,367.52,291.32,386.06,432.92,319.44,327.96,217.13,127.78,143.4
2021-12-10,609.79,399.73,328.89,426.4,479.19,357.67,364.8,231.59,126.51,141.46
2021-12-11,639.02,420.65,349.42,449.04,504.39,372.86,382.71,234.57,130.75,143.4
2021-12-12,668.25,441.57,369.96,471.69,529.59,388.05,400.62,237.56,135.0,145.34
2021-12-13,726.48,483.23,410.83,517.29,580.21,418.55,435.95,243.3,143.49,145.34
2021-12-14,738.27,497.67,438.33,546.0,615.42,433.08,456.71,246.97,143.07,151.15
2021-12-15,777.7,534.33,485.59,593.83,657.33,460.18,488.52,249.95,157.5,168.59
2021-12-16,838.43,590.43,549.9,658.1,717.26,495.53,525.18,257.53,172.78,186.04
2021-12-17,889.41,633.57,632.41,717.9,756.11,531.14,559.83,263.49,173.21,201.54
2021-12-18,922.72,662.27,680.64,754.89,784.49,551.96,577.08,268.31,179.15,211.23
2021-12-19,956.03,690.97,728.87,791.89,812.86,572.77,594.32,273.13,185.09,220.92
2021-12-20,1059.59,771.32,842.57,889.32,896.58,633.26,648.06,295.17,204.62,249.99
2021-12-21,1051.88,772.62,877.82,907.34,907.64,641.77,645.05,289.43,208.02,248.05
2021-12-22,1121.0,830.2,961.88,975.9,972.05,694.27,682.38,300.22,222.03,269.36
2021-12-23,1217.98,904.63,1107.35,1087.21,1048.11,757.76,730.76,311.23,240.28,300.37
2021-12-24,1300.24,977.02,1258.43,1197.56,1110.27,811.05,751.69,316.74,255.57,327.5
2021-12-25,1309.98,999.05,1321.57,1234.55,1128.64,829.77,753.53,316.05,259.81,343.0
2021-12-26,1319.73,1021.08,1384.72,1271.55,1147.01,848.49,755.37,315.37,264.06,358.51
2021-12-27,1339.22,1065.15,1511.4,1345.38,1183.39,886.19,759.56,313.99,271.27,393.39
2021-12-28,1397.91,1138.1,1661.7,1443.29,1267.22,955.06,785.84,318.58,292.92,422.46
2021-12-29,1469.74,1239.74,1863.53,1581.7,1393.31,1055.08,818.99,340.84,315.42,449.59
2021-12-30,1519.82,1339.53,2070.4,1702.09,1495.16,1145.15,849.46,365.63,326.04,468.96
2021-12-31,1542.48,1437.85,2219.93,1771.14,1566.15,1209.04,860.68,384.68,355.75,482.53
2022-01-01,1597.54,1558.56,2416.72,1877.98,1663.05,1297.94,898.18,411.54,388.02,511.6
2022-01-02,1652.61,1679.28,2613.51,1984.82,1759.95,1386.83,935.68,438.39,420.28,540.67
2022-01-03,1762.96,1921.08,3007.29,2199.13,1953.39,1564.88,1011.35,491.64,483.96,600.74
2022-01-04,1826.64,2087.34,3259.48,2381.4,2105.87,1702.74,1055.88,535.94,518.77,653.06
2022-01-05,1921.13,2297.48,3592.44,2598.58,2290.6,1875.55,1108.79,590.57,581.18,715.07
2022-01-06,1910.03,2420.79,3779.94,2688.68,2373.84,1962.88,1102.76,622.7,610.47,728.64
2022-01-07,2053.01,2773.49,4301.95,3009.67,2661.71,2231.39,1194.33,720.94,707.26,813.91
2022-01-08,2112.61,2893.28,4456.51,3130.07,2772.38,2324.35,1225.47,760.41,742.92,866.23
2022-01-09,2172.2,3013.07,4611.08,3250.46,2883.06,2417.3,1256.61,799.89,778.58,918.55
2022-01-10,2291.4,3252.84,4920.41,3491.57,3104.76,2603.07,1318.89,879.08,850.75,1023.2
2022-01-11,2427.58,3525.74,5247.17,3783.06,3386.15,2820.4,1382.17,968.36,916.13,1096.84
2022-01-12,2554.71,3770.14,5499.75,3993.87,3605.03,2999.76,1431.39,1031.94,997.22,1226.67
2022-01-13,2752.53,4055.63,5771.12,4272.61,3895.37,3214.99,1488.48,1120.77,1130.09,1422.4
2022-01-14,3050.29,4499.06,6144.95,4669.99,4289.44,3485.99,1590.6,1231.86,1273.58,1577.43
2022-01-15,3139.11,4559.97,6110.66,4734.57,4351.49,3509.95,1586.75,1258.94,1307.97,1631.69
2022-01-16,3227.94,4620.88,6076.38,4799.15,4413.53,3533.91,1582.9,1286.02,1342.36,1685.95
2022-01-17,3406.05,4742.71,6007.42,4928.15,4537.63,3581.57,1574.7,1340.65,1411.55,1792.53
2022-01-18,3621.77,4872.5,6034.93,5034.83,4665.26,3647.16,1594.46,1360.85,1449.34,1835.16
2022-01-19,4020.14,5129.3,6129.26,5292.68,4951.13,3788.81,1650.87,1453.58,1536.79,2030.89
2022-01-20,4608.4,5598.64,6398.68,5763.89,5414.07,4042.93,1765.55,1568.8,1684.1,2302.19
2022-01-21,4888.7,5720.28,6186.2,5873.28,5578.79,4035.46,1755.34,1581.88,1712.54,2383.58
2022-01-22,5267.58,5943.2,6227.46,6058.26,5775.53,4103.41,1797.86,1638.8,1783.44,2478.54
2022-01-23,5646.46,6166.12,6268.72,6243.23,5972.27,4171.36,1840.39,1695.72,1854.34,2573.49
2022-01-24,6404.44,6611.39,6351.23,6613.02,6365.63,4307.12,1925.43,1809.57,1996.13,2763.41
2022-01-25,7262.58,7084.07,6426.58,6999.24,6754.05,4405.7,2000.94,1895.87,2089.1,2945.57
2022-01-26,7680.66,7244.78,6299.13,7056.65,6794.44,4326.24,1992.23,1907.35,2086.98,2945.57
2022-01-27,8308.8,7604.7,6294.48,7428.51,7123.63,4331.21,2064.89,2010.63,2208.39,3195.55
2022-01-28,8665.02,7661.17,6139.13,7500.27,7196.75,4213.78,2072.93,2049.65,2222.83,3333.14
2022-01-29,8638.74,7580.82,6020.01,7423.25,7132.46,4127.5,2051.16,2037.72,2212.21,3358.33
2022-01-30,8612.45,7500.47,5900.89,7346.23,7068.18,4041.22,2029.4,2025.78,2201.6,3383.52
2022-01-31,8559.43,7339.76,5663.03,7191.71,6939.73,3868.93,1985.7,2001.45,2180.8,3431.97
2022-02-01,8653.24,7387.16,5573.74,7220.73,6950.67,3783.18,1989.39,2037.72,2198.2,3484.29
2022-02-02,8599.99,7339.58,5419.17,7126.49,6853.78,3609.19,1974.32,2022.11,2193.53,3424.22
2022-02-03,8359.11,7107.22,5133.86,6841.85,6573.79,3351.41,1913.71,1987.68,2143.44,3404.84
2022-02-04,8135.45,6892.63,4925.25,6586.55,6294.87,3141.54,1874.87,1958.76,2117.97,3375.77
2022-02-05,7761.33,6633.06,4759.06,6337.47,6041.26,2990.86,1817.28,1899.08,2058.96,3298.26
2022-02-06,7387.21,6373.48,4592.87,6088.4,5787.66,2840.17,1759.69,1839.41,1999.95,3220.74
2022-02-07,6639.43,5854.52,4260.5,5589.92,5280.56,2538.66,1644.01,1720.28,1881.08,3059.9
2022-02-08,5801.23,5270.75,3866.52,4994.49,4672.09,2227.6,1516.94,1613.78,1782.17,2906.81
2022-02-09,5377.71,5023.02,3720.09,4747.8,4439.79,2094.19,1480.61,1591.75,1780.47,2961.07
2022-02-10,4609.98,4500.17,3393.52,4095.13,3817.9,1841.12,1341.66,1438.89,1595.37,2672.33
2022-02-11,4043.93,4128.77,3170.0,3678.77,3397.45,1675.38,1231.5,1326.65,1468.02,2501.79
2022-02-12,3933.13,4080.07,3140.94,3589.8,3307.5,1646.18,1212.92,1299.8,1434.9,2430.09
2022-02-13,3822.32,4031.38,3111.89,3500.82,3217.55,1616.99,1194.33,1272.94,1401.79,2358.39
2022-02-14,3600.7,3934.18,3053.2,3323.18,3037.65,1558.47,1157.5,1219.0,1335.99,2216.93
2022-02-15,3312.69,3771.62,2957.13,3083.66,2810.88,1477.69,1117.99,1160.24,1299.9,2162.66
2022-02-16,2915.91,3493.9,2748.52,2749.27,2483.92,1359.73,1029.43,1070.73,1225.61,2149.1
2022-02-17,2539.3,3218.4,2564.7,2435.77,2194.4,1250.94,944.55,977.08,1129.67,1959.19
2022-02-18,2300.01,3003.63,2383.99,2190.52,1978.24,1156.41,878.09,909.6,1058.77,1862.29
2022-02-19,2203.7,2909.02,2297.99,2091.34,1893.94,1122.24,849.29,878.85,1019.29,1796.41
2022-02-20,2107.4,2814.41,2211.99,1992.15,1809.64,1088.07,820.5,848.09,979.81,1730.52
2022-02-21,1914.1,2625.38,2039.99,1793.78,1640.92,1019.99,762.91,786.81,900.85,1604.56
2022-02-22,1742.57,2470.96,1941.2,1641.18,1524.95,967.5,727.25,740.67,846.51,1519.29
2022-02-23,1560.38,2272.49,1802.52,1503.88,1389.31,920.76,682.88,698.21,780.71,1362.32
2022-02-24,1425.78,2078.64,1649.31,1372.96,1275.69,848.49,637.18,650.93,732.31,1238.3
